cf_jpeg.mHuffDecoder.mHuffTblDecoder_jpeg.mHuffDecoder.mInvHuffman_1;83;91;0;1;0;11580;11580
cf_jpeg.mHuffDecoder.mHuffTblDecoder_jpeg.mHuffDecoder.mInvHuffman_2;83;91;0;1;0;11580;11580
cf_jpeg.mHuffDecoder.mHuffTblDecoder_jpeg.mHuffDecoder.mInvHuffman_3;83;91;0;1;0;11580;11580
cf_jpeg.mHuffDecoder.mHuffTblDecoder_jpeg.mHuffDecoder.mInvHuffman_4;83;91;0;1;0;11580;11580
cf_jpeg.mHuffDecoder.mHuffTblDecoder_jpeg.mHuffDecoder.mInvHuffman_4;83;91;0;1;0;11580;11580
cf_jpeg.mIdct2D.mBlock2Row_jpeg.mIdct2D.mIdctRow_1;61;53;0;1;0;11580;11580
cf_jpeg.mIdct2D.mBlock2Row_jpeg.mIdct2D.mIdctRow_2;61;53;0;1;0;11580;11580
cf_jpeg.mIdct2D.mBlock2Row_jpeg.mIdct2D.mIdctRow_3;61;53;0;1;0;11580;11580
cf_jpeg.mIdct2D.mBlock2Row_jpeg.mIdct2D.mIdctRow_4;61;53;0;1;0;11580;11580
cf_jpeg.mIdct2D.mBlock2Row_jpeg.mIdct2D.mIdctRow_5;61;53;0;1;0;11580;11580
cf_jpeg.mIdct2D.mBlock2Row_jpeg.mIdct2D.mIdctRow_6;61;53;0;1;0;11580;11580
cf_jpeg.mIdct2D.mBlock2Row_jpeg.mIdct2D.mIdctRow_7;61;53;0;1;0;11580;11580
cf_jpeg.mIdct2D.mBlock2Row_jpeg.mIdct2D.mIdctRow_8;61;53;0;1;0;11580;11580
cf_jpeg.mIdct2D.mIdctRow_jpeg.mIdct2D.mTranspose_1;44;18;0;1;0;11580;11580
cf_jpeg.mIdct2D.mIdctRow_jpeg.mIdct2D.mTranspose_2;44;18;0;1;0;11580;11580
cf_jpeg.mIdct2D.mIdctRow_jpeg.mIdct2D.mTranspose_3;44;18;0;1;0;11580;11580
cf_jpeg.mIdct2D.mIdctRow_jpeg.mIdct2D.mTranspose_4;44;18;0;1;0;11580;11580
cf_jpeg.mIdct2D.mIdctRow_jpeg.mIdct2D.mTranspose_5;44;18;0;1;0;11580;11580
cf_jpeg.mIdct2D.mIdctRow_jpeg.mIdct2D.mTranspose_6;44;18;0;1;0;11580;11580
cf_jpeg.mIdct2D.mIdctRow_jpeg.mIdct2D.mTranspose_7;44;18;0;1;0;11580;11580
cf_jpeg.mIdct2D.mIdctRow_jpeg.mIdct2D.mTranspose_8;44;18;0;1;0;11580;11580
cf_jpeg.mIdct2D.mTranspose_jpeg.mIdct2D.mIdctCol_1;61;53;0;1;0;11580;11580
cf_jpeg.mIdct2D.mTranspose_jpeg.mIdct2D.mIdctCol_2;61;53;0;1;0;11580;11580
cf_jpeg.mIdct2D.mTranspose_jpeg.mIdct2D.mIdctCol_3;61;53;0;1;0;11580;11580
cf_jpeg.mIdct2D.mTranspose_jpeg.mIdct2D.mIdctCol_4;61;53;0;1;0;11580;11580
cf_jpeg.mIdct2D.mTranspose_jpeg.mIdct2D.mIdctCol_5;61;53;0;1;0;11580;11580
cf_jpeg.mIdct2D.mTranspose_jpeg.mIdct2D.mIdctCol_6;61;53;0;1;0;11580;11580
cf_jpeg.mIdct2D.mTranspose_jpeg.mIdct2D.mIdctCol_7;61;53;0;1;0;11580;11580
cf_jpeg.mIdct2D.mTranspose_jpeg.mIdct2D.mIdctCol_8;61;53;0;1;0;11580;11580
cf_jpeg.mIdct2D.mIdctCol_jpeg.mIdct2D.mCol2Block_1;61;53;0;1;0;11580;11580
cf_jpeg.mIdct2D.mIdctCol_jpeg.mIdct2D.mCol2Block_2;61;53;0;1;0;11580;11580
cf_jpeg.mIdct2D.mIdctCol_jpeg.mIdct2D.mCol2Block_3;61;53;0;1;0;11580;11580
cf_jpeg.mIdct2D.mIdctCol_jpeg.mIdct2D.mCol2Block_4;61;53;0;1;0;11580;11580
cf_jpeg.mIdct2D.mIdctCol_jpeg.mIdct2D.mCol2Block_5;61;53;0;1;0;11580;11580
cf_jpeg.mIdct2D.mIdctCol_jpeg.mIdct2D.mCol2Block_6;61;53;0;1;0;11580;11580
cf_jpeg.mIdct2D.mIdctCol_jpeg.mIdct2D.mCol2Block_7;61;53;0;1;0;11580;11580
cf_jpeg.mIdct2D.mIdctCol_jpeg.mIdct2D.mCol2Block_8;61;53;0;1;0;11580;11580
cf_jpeg.mIdct2D.mCol2Block_jpeg.mIdct2D.mRangeAdj_1;69;72;0;1;0;11580;11580
cf_jpeg.mIdct2D.mCol2Block_jpeg.mIdct2D.mRangeAdj_1;69;72;0;1;0;11580;11580
cf_jpeg.mSrc_jpeg.mParser_1;49;31;0;1;0;11580;11580
cf_jpeg.mParser_jpeg.mHuffDecoder.mInvHuffman_1;49;31;0;1;0;11580;11580
cf_jpeg.mParser_jpeg.mDup_1;44;18;0;1;0;11580;11580
cf_jpeg.mDup_jpeg.mPGMsink_1;44;18;0;1;0;11580;11580
cf_jpeg.mDup_jpeg.Shuffle_1;44;18;0;1;0;11580;11580
cf_jpeg.mParser_jpeg.mHuffDecoder.mHuffTblDecoder_1;66;54;0;1;0;11580;11580
cf_jpeg.mParser_jpeg.InvQuant_1;69;72;0;1;0;11580;11580
cf_jpeg.mParser_jpeg.InvQuant_2;69;72;0;1;0;11580;11580
cf_jpeg.mParser_jpeg.InvQuant_3;69;72;0;1;0;11580;11580
cf_jpeg.mParser_jpeg.InvQuant_4;69;72;0;1;0;11580;11580
cf_jpeg.mHuffDecoder.mInvHuffman_jpeg.mInvZrl_1;49;31;0;1;0;11580;11580
cf_jpeg.mInvZrl_jpeg.mDcDecoding_1;44;18;0;1;0;11580;11580
cf_jpeg.mDcDecoding_jpeg.InvQuant_1;44;18;0;1;0;11580;11580
cf_jpeg.InvQuant_jpeg.CtrlSieve_1;44;18;0;1;0;11580;11580
cf_jpeg.CtrlSieve_jpeg.InvZigZag_1;69;72;0;1;0;11580;11580
cf_jpeg.InvZigZag_jpeg.mIdct2D.mBlock2Row_1;69;72;0;1;0;11580;11580
cf_jpeg.mIdct2D.mRangeAdj_jpeg.Shuffle_1;104;126;0;32;0;11580;11580
cf_jpeg.Shuffle_jpeg.mYCbCr_1;44;18;0;1;0;11580;11580
cf_jpeg.mYCbCr_jpeg.mPGMsink_1;44;18;0;1;0;11580;11580
