cf_jpeg.mHuffDecoder.mHuffTblDecoder_jpeg.mHuffDecoder.mInvHuffman_1;84;90;0;1;0;3729;3729
cf_jpeg.mHuffDecoder.mHuffTblDecoder_jpeg.mHuffDecoder.mInvHuffman_2;84;90;0;1;0;3729;3729
cf_jpeg.mHuffDecoder.mHuffTblDecoder_jpeg.mHuffDecoder.mInvHuffman_3;84;90;0;1;0;3729;3729
cf_jpeg.mHuffDecoder.mHuffTblDecoder_jpeg.mHuffDecoder.mInvHuffman_4;84;90;0;1;0;3729;3729
cf_jpeg.mHuffDecoder.mHuffTblDecoder_jpeg.mHuffDecoder.mInvHuffman_4;84;90;0;1;0;3729;3729
cf_jpeg.mIdct2D.mBlock2Row_jpeg.mIdct2D.mIdctRow_1;62;52;0;1;0;3729;3729
cf_jpeg.mIdct2D.mBlock2Row_jpeg.mIdct2D.mIdctRow_2;62;52;0;1;0;3729;3729
cf_jpeg.mIdct2D.mBlock2Row_jpeg.mIdct2D.mIdctRow_3;62;52;0;1;0;3729;3729
cf_jpeg.mIdct2D.mBlock2Row_jpeg.mIdct2D.mIdctRow_4;62;52;0;1;0;3729;3729
cf_jpeg.mIdct2D.mBlock2Row_jpeg.mIdct2D.mIdctRow_5;62;52;0;1;0;3729;3729
cf_jpeg.mIdct2D.mBlock2Row_jpeg.mIdct2D.mIdctRow_6;62;52;0;1;0;3729;3729
cf_jpeg.mIdct2D.mBlock2Row_jpeg.mIdct2D.mIdctRow_7;62;52;0;1;0;3729;3729
cf_jpeg.mIdct2D.mBlock2Row_jpeg.mIdct2D.mIdctRow_8;62;52;0;1;0;3729;3729
cf_jpeg.mIdct2D.mIdctRow_jpeg.mIdct2D.mTranspose_1;45;17;0;1;0;3729;3729
cf_jpeg.mIdct2D.mIdctRow_jpeg.mIdct2D.mTranspose_2;45;17;0;1;0;3729;3729
cf_jpeg.mIdct2D.mIdctRow_jpeg.mIdct2D.mTranspose_3;45;17;0;1;0;3729;3729
cf_jpeg.mIdct2D.mIdctRow_jpeg.mIdct2D.mTranspose_4;45;17;0;1;0;3729;3729
cf_jpeg.mIdct2D.mIdctRow_jpeg.mIdct2D.mTranspose_5;45;17;0;1;0;3729;3729
cf_jpeg.mIdct2D.mIdctRow_jpeg.mIdct2D.mTranspose_6;45;17;0;1;0;3729;3729
cf_jpeg.mIdct2D.mIdctRow_jpeg.mIdct2D.mTranspose_7;45;17;0;1;0;3729;3729
cf_jpeg.mIdct2D.mIdctRow_jpeg.mIdct2D.mTranspose_8;45;17;0;1;0;3729;3729
cf_jpeg.mIdct2D.mTranspose_jpeg.mIdct2D.mIdctCol_1;62;52;0;1;0;3729;3729
cf_jpeg.mIdct2D.mTranspose_jpeg.mIdct2D.mIdctCol_2;62;52;0;1;0;3729;3729
cf_jpeg.mIdct2D.mTranspose_jpeg.mIdct2D.mIdctCol_3;62;52;0;1;0;3729;3729
cf_jpeg.mIdct2D.mTranspose_jpeg.mIdct2D.mIdctCol_4;62;52;0;1;0;3729;3729
cf_jpeg.mIdct2D.mTranspose_jpeg.mIdct2D.mIdctCol_5;62;52;0;1;0;3729;3729
cf_jpeg.mIdct2D.mTranspose_jpeg.mIdct2D.mIdctCol_6;62;52;0;1;0;3729;3729
cf_jpeg.mIdct2D.mTranspose_jpeg.mIdct2D.mIdctCol_7;62;52;0;1;0;3729;3729
cf_jpeg.mIdct2D.mTranspose_jpeg.mIdct2D.mIdctCol_8;62;52;0;1;0;3729;3729
cf_jpeg.mIdct2D.mIdctCol_jpeg.mIdct2D.mCol2Block_1;62;52;0;1;0;3729;3729
cf_jpeg.mIdct2D.mIdctCol_jpeg.mIdct2D.mCol2Block_2;62;52;0;1;0;3729;3729
cf_jpeg.mIdct2D.mIdctCol_jpeg.mIdct2D.mCol2Block_3;62;52;0;1;0;3729;3729
cf_jpeg.mIdct2D.mIdctCol_jpeg.mIdct2D.mCol2Block_4;62;52;0;1;0;3729;3729
cf_jpeg.mIdct2D.mIdctCol_jpeg.mIdct2D.mCol2Block_5;62;52;0;1;0;3729;3729
cf_jpeg.mIdct2D.mIdctCol_jpeg.mIdct2D.mCol2Block_6;62;52;0;1;0;3729;3729
cf_jpeg.mIdct2D.mIdctCol_jpeg.mIdct2D.mCol2Block_7;62;52;0;1;0;3729;3729
cf_jpeg.mIdct2D.mIdctCol_jpeg.mIdct2D.mCol2Block_8;62;52;0;1;0;3729;3729
cf_jpeg.mIdct2D.mCol2Block_jpeg.mIdct2D.mRangeAdj_1;70;71;0;1;0;3729;3729
cf_jpeg.mIdct2D.mCol2Block_jpeg.mIdct2D.mRangeAdj_1;70;71;0;1;0;3729;3729
cf_jpeg.mSrc_jpeg.mParser_1;50;30;0;1;0;3729;3729
cf_jpeg.mParser_jpeg.mHuffDecoder.mInvHuffman_1;50;30;0;1;0;3729;3729
cf_jpeg.mParser_jpeg.mDup_1;45;17;0;1;0;3729;3729
cf_jpeg.mDup_jpeg.mPGMsink_1;45;17;0;1;0;3729;3729
cf_jpeg.mDup_jpeg.Shuffle_1;45;17;0;1;0;3729;3729
cf_jpeg.mParser_jpeg.mHuffDecoder.mHuffTblDecoder_1;67;53;0;1;0;3729;3729
cf_jpeg.mParser_jpeg.InvQuant_1;70;71;0;1;0;3729;3729
cf_jpeg.mParser_jpeg.InvQuant_2;70;71;0;1;0;3729;3729
cf_jpeg.mParser_jpeg.InvQuant_3;70;71;0;1;0;3729;3729
cf_jpeg.mParser_jpeg.InvQuant_4;70;71;0;1;0;3729;3729
cf_jpeg.mHuffDecoder.mInvHuffman_jpeg.mInvZrl_1;50;30;0;1;0;3729;3729
cf_jpeg.mInvZrl_jpeg.mDcDecoding_1;45;17;0;1;0;3729;3729
cf_jpeg.mDcDecoding_jpeg.InvQuant_1;45;17;0;1;0;3729;3729
cf_jpeg.InvQuant_jpeg.CtrlSieve_1;45;17;0;1;0;3729;3729
cf_jpeg.CtrlSieve_jpeg.InvZigZag_1;70;71;0;1;0;3729;3729
cf_jpeg.InvZigZag_jpeg.mIdct2D.mBlock2Row_1;70;71;0;1;0;3729;3729
cf_jpeg.mIdct2D.mRangeAdj_jpeg.Shuffle_1;105;125;0;32;0;3729;3729
cf_jpeg.Shuffle_jpeg.mYCbCr_1;45;17;0;1;0;3729;3729
cf_jpeg.mYCbCr_jpeg.mPGMsink_1;45;17;0;1;0;3729;3729
