cf_jpeg.mHuffDecoder.mHuffTblDecoder_jpeg.mHuffDecoder.mInvHuffman_1;116;2282;0;0;0;3729;3729
cf_jpeg.mHuffDecoder.mHuffTblDecoder_jpeg.mHuffDecoder.mInvHuffman_2;116;2282;0;0;0;3729;3729
cf_jpeg.mHuffDecoder.mHuffTblDecoder_jpeg.mHuffDecoder.mInvHuffman_3;116;2282;0;0;0;3729;3729
cf_jpeg.mHuffDecoder.mHuffTblDecoder_jpeg.mHuffDecoder.mInvHuffman_4;116;2282;0;0;0;3729;3729
cf_jpeg.mHuffDecoder.mHuffTblDecoder_jpeg.mHuffDecoder.mInvHuffman_4;116;2282;0;0;0;3729;3729
cf_jpeg.mIdct2D.mBlock2Row_jpeg.mIdct2D.mIdctRow_1;94;122;0;0;0;3729;3729
cf_jpeg.mIdct2D.mBlock2Row_jpeg.mIdct2D.mIdctRow_2;94;122;0;0;0;3729;3729
cf_jpeg.mIdct2D.mBlock2Row_jpeg.mIdct2D.mIdctRow_3;94;122;0;0;0;3729;3729
cf_jpeg.mIdct2D.mBlock2Row_jpeg.mIdct2D.mIdctRow_4;94;122;0;0;0;3729;3729
cf_jpeg.mIdct2D.mBlock2Row_jpeg.mIdct2D.mIdctRow_5;94;122;0;0;0;3729;3729
cf_jpeg.mIdct2D.mBlock2Row_jpeg.mIdct2D.mIdctRow_6;94;122;0;0;0;3729;3729
cf_jpeg.mIdct2D.mBlock2Row_jpeg.mIdct2D.mIdctRow_7;94;122;0;0;0;3729;3729
cf_jpeg.mIdct2D.mBlock2Row_jpeg.mIdct2D.mIdctRow_8;94;122;0;0;0;3729;3729
cf_jpeg.mIdct2D.mIdctRow_jpeg.mIdct2D.mTranspose_1;77;84;0;0;0;3729;3729
cf_jpeg.mIdct2D.mIdctRow_jpeg.mIdct2D.mTranspose_2;77;84;0;0;0;3729;3729
cf_jpeg.mIdct2D.mIdctRow_jpeg.mIdct2D.mTranspose_3;77;84;0;0;0;3729;3729
cf_jpeg.mIdct2D.mIdctRow_jpeg.mIdct2D.mTranspose_4;77;84;0;0;0;3729;3729
cf_jpeg.mIdct2D.mIdctRow_jpeg.mIdct2D.mTranspose_5;77;84;0;0;0;3729;3729
cf_jpeg.mIdct2D.mIdctRow_jpeg.mIdct2D.mTranspose_6;77;84;0;0;0;3729;3729
cf_jpeg.mIdct2D.mIdctRow_jpeg.mIdct2D.mTranspose_7;77;84;0;0;0;3729;3729
cf_jpeg.mIdct2D.mIdctRow_jpeg.mIdct2D.mTranspose_8;77;84;0;0;0;3729;3729
cf_jpeg.mIdct2D.mTranspose_jpeg.mIdct2D.mIdctCol_1;94;122;0;0;0;3729;3729
cf_jpeg.mIdct2D.mTranspose_jpeg.mIdct2D.mIdctCol_2;94;122;0;0;0;3729;3729
cf_jpeg.mIdct2D.mTranspose_jpeg.mIdct2D.mIdctCol_3;94;122;0;0;0;3729;3729
cf_jpeg.mIdct2D.mTranspose_jpeg.mIdct2D.mIdctCol_4;94;122;0;0;0;3729;3729
cf_jpeg.mIdct2D.mTranspose_jpeg.mIdct2D.mIdctCol_5;94;122;0;0;0;3729;3729
cf_jpeg.mIdct2D.mTranspose_jpeg.mIdct2D.mIdctCol_6;94;122;0;0;0;3729;3729
cf_jpeg.mIdct2D.mTranspose_jpeg.mIdct2D.mIdctCol_7;94;122;0;0;0;3729;3729
cf_jpeg.mIdct2D.mTranspose_jpeg.mIdct2D.mIdctCol_8;94;122;0;0;0;3729;3729
cf_jpeg.mIdct2D.mIdctCol_jpeg.mIdct2D.mCol2Block_1;94;122;0;0;0;3729;3729
cf_jpeg.mIdct2D.mIdctCol_jpeg.mIdct2D.mCol2Block_2;94;122;0;0;0;3729;3729
cf_jpeg.mIdct2D.mIdctCol_jpeg.mIdct2D.mCol2Block_3;94;122;0;0;0;3729;3729
cf_jpeg.mIdct2D.mIdctCol_jpeg.mIdct2D.mCol2Block_4;94;122;0;0;0;3729;3729
cf_jpeg.mIdct2D.mIdctCol_jpeg.mIdct2D.mCol2Block_5;94;122;0;0;0;3729;3729
cf_jpeg.mIdct2D.mIdctCol_jpeg.mIdct2D.mCol2Block_6;94;122;0;0;0;3729;3729
cf_jpeg.mIdct2D.mIdctCol_jpeg.mIdct2D.mCol2Block_7;94;122;0;0;0;3729;3729
cf_jpeg.mIdct2D.mIdctCol_jpeg.mIdct2D.mCol2Block_8;94;122;0;0;0;3729;3729
cf_jpeg.mIdct2D.mCol2Block_jpeg.mIdct2D.mRangeAdj_1;102;626;0;0;0;3729;3729
cf_jpeg.mIdct2D.mCol2Block_jpeg.mIdct2D.mRangeAdj_1;102;626;0;0;0;3729;3729
cf_jpeg.mSrc_jpeg.mParser_1;82;100;0;0;0;3729;3729
cf_jpeg.mParser_jpeg.mHuffDecoder.mInvHuffman_1;82;100;0;0;0;3729;3729
cf_jpeg.mParser_jpeg.mDup_1;77;84;0;0;0;3729;3729
cf_jpeg.mDup_jpeg.mPGMsink_1;77;84;0;0;0;3729;3729
cf_jpeg.mDup_jpeg.Shuffle_1;77;84;0;0;0;3729;3729
cf_jpeg.mParser_jpeg.mHuffDecoder.mHuffTblDecoder_1;99;227;0;0;0;3729;3729
cf_jpeg.mParser_jpeg.InvQuant_1;102;626;0;0;0;3729;3729
cf_jpeg.mParser_jpeg.InvQuant_2;102;626;0;0;0;3729;3729
cf_jpeg.mParser_jpeg.InvQuant_3;102;626;0;0;0;3729;3729
cf_jpeg.mParser_jpeg.InvQuant_4;102;626;0;0;0;3729;3729
cf_jpeg.mHuffDecoder.mInvHuffman_jpeg.mInvZrl_1;82;100;0;0;0;3729;3729
cf_jpeg.mInvZrl_jpeg.mDcDecoding_1;77;84;0;0;0;3729;3729
cf_jpeg.mDcDecoding_jpeg.InvQuant_1;77;84;0;0;0;3729;3729
cf_jpeg.InvQuant_jpeg.CtrlSieve_1;77;84;0;0;0;3729;3729
cf_jpeg.CtrlSieve_jpeg.InvZigZag_1;102;626;0;0;0;3729;3729
cf_jpeg.InvZigZag_jpeg.mIdct2D.mBlock2Row_1;102;626;0;0;0;3729;3729
cf_jpeg.mIdct2D.mRangeAdj_jpeg.Shuffle_1;137;70916;0;0;0;3729;3729
cf_jpeg.Shuffle_jpeg.mYCbCr_1;77;84;0;0;0;3729;3729
cf_jpeg.mYCbCr_jpeg.mPGMsink_1;77;84;0;0;0;3729;3729
